chainID,nft_addr,LP_addr,amt,token
137,0xc2539b5230b64a9590c79e5210705669f48fcdab,0x11e43d79e4193dfc1247697cb0ae15b17d27fc5b,4.1771248549177994e-05,OCEAN
137,0xc2539b5230b64a9590c79e5210705669f48fcdab,0x2196b9fe1117df9324108d82dffc849492c23c14,0.0007283547447434903,OCEAN
137,0xc2539b5230b64a9590c79e5210705669f48fcdab,0x2017ade0a289de891ca7e733513b264cfec2c8ce,0.00933117014134716,OCEAN
137,0xc2539b5230b64a9590c79e5210705669f48fcdab,0xa911ccf5f6c7bd5fb25188d41a536890c3c8fae5,0.17284944545692085,OCEAN
