chainID,LP_addr,OCEAN_amt
137,0xd673af4581b8647e0fa8f5a5dfea694098df07d1,0.004734712471796234
137,0x471bdd1391e89694b8708a3e72678058a19bf03c,0.21134916564187634
137,0x20af0e0257312368ba0114e4c85389e158a07055,0.003588890726087883
137,0xab52e0195b52c651c5625a1dd6496cabf4cda641,0.007042956864233037
