chainID,nft_addr,LP_addr,amt,token
137,0xd157319ebdcefd8e480e00791d351e60aa5c7a19,0xd673af4581b8647e0fa8f5a5dfea694098df07d1,0.004734712471796234,OCEAN
137,0xd157319ebdcefd8e480e00791d351e60aa5c7a19,0x471bdd1391e89694b8708a3e72678058a19bf03c,0.02002920554585286,OCEAN
137,0xd157319ebdcefd8e480e00791d351e60aa5c7a19,0x20af0e0257312368ba0114e4c85389e158a07055,0.003588890726087883,OCEAN
137,0x7d704133250b09f602340d92d0767b2bf523f2f8,0x471bdd1391e89694b8708a3e72678058a19bf03c,0.19131996009602348,OCEAN
137,0x7d704133250b09f602340d92d0767b2bf523f2f8,0xab52e0195b52c651c5625a1dd6496cabf4cda641,0.007042956864233037,OCEAN
