chainID,basetoken_addr,nft_addr,vol_amt
137,0xpolygon,0x9723488dc1524849a82917a61a38bbe24a8219c1,0.07656597304569214
137,0xpolygon,0x67709d26a62799e8207c305d2b25b394a5709e0f,0.05302876493317723
137,0xpolygon,0x0a171e3e685a39f627cc9b0e4bdd936578a03411,0.03239504564724938
137,0x282d8efce846a88b159800bd4130ad77443fa1a1,0x67709d26a62799e8207c305d2b25b394a5709e0f,36632.0
