chainID,basetoken_addr,nft_addr,vol_amt
137,0xpolygon,0x20055c98ebe3a941f2f52cfed8246bcfb5d95af5,0.09593112098816425
137,0xpolygon,0x4c7a61e015a7c1d2c7d073e18bdd7f46f5e61056,0.03512153793861463
137,0xpolygon,0xfa98eee5d29101847d7df1d3c0ced2da231c7d23,0.03142836324176847
137,0xpolygon,0xb613607b294f9f67936eecf02f3a0e4726b255ea,0.038088937342563696
137,0x282d8efce846a88b159800bd4130ad77443fa1a1,0x20055c98ebe3a941f2f52cfed8246bcfb5d95af5,30.0
