chainID,LP_addr,OCEAN_amt
137,0x2196b9fe1117df9324108d82dffc849492c23c14,0.00014067520905239523
137,0xa911ccf5f6c7bd5fb25188d41a536890c3c8fae5,0.05811644011044437
137,0x2017ade0a289de891ca7e733513b264cfec2c8ce,0.004042462208702073
137,0x11e43d79e4193dfc1247697cb0ae15b17d27fc5b,2.1686681190732438e-05
